Workbook

Sheet order_details
A1: order_details_id | B1: order_id | C1: order_date | D1: order_time | E1: hour_order | F1: item_id | G1: item_name | H1: category | I1: price
A2: 1 | B2: 1 | C2: 44927 | D2: 0.48513889 | E2: =TEXT(Table1[[#This Row],[order_time]],"HH") -> 11 | F2: 109 | G2: =_xlfn.XLOOKUP(F2,menu_items!$A$1:$A$33,menu_items!$B$1:$B$33,,0,1) -> Korean Beef Bowl | H2: =_xlfn.XLOOKUP(F2,menu_items!$A$1:$A$33,menu_items!$C$1:$C$33,,0,1) -> Asian | I2: =_xlfn.XLOOKUP(F2,menu_items!$A$1:$A$33,menu_items!$D$1:$D$33,,0,1) -> 17.95
A3: 2 | B3: 2 | C3: 44927 | D3: 0.49837963 | E3: =TEXT(Table1[[#This Row],[order_time]],"HH") -> 11 | F3: 108 | G3: =_xlfn.XLOOKUP(F3,menu_items!$A$1:$A$33,menu_items!$B$1:$B$33,,0,1) -> Tofu Pad Thai | H3: =_xlfn.XLOOKUP(F3,menu_items!$A$1:$A$33,menu_items!$C$1:$C$33,,0,1) -> Asian | I3: =_xlfn.XLOOKUP(F3,menu_items!$A$1:$A$33,menu_items!$D$1:$D$33,,0,1) -> 14.5
A4: 3 | B4: 2 | C4: 44927 | D4: 0.49837963 | E4: =TEXT(Table1[[#This Row],[order_time]],"HH") -> 11 | F4: 124 | G4: =_xlfn.XLOOKUP(F4,menu_items!$A$1:$A$33,menu_items!$B$1:$B$33,,0,1) -> Spaghetti | H4: =_xlfn.XLOOKUP(F4,menu_items!$A$1:$A$33,menu_items!$C$1:$C$33,,0,1) -> Italian | I4: =_xlfn.XLOOKUP(F4,menu_items!$A$1:$A$33,menu_items!$D$1:$D$33,,0,1) -> 14.5
A5: 4 | B5: 2 | C5: 44927 | D5: 0.49837963 | E5: =TEXT(Table1[[#This Row],[order_time]],"HH") -> 11 | F5: 117 | G5: =_xlfn.XLOOKUP(F5,menu_items!$A$1:$A$33,menu_items!$B$1:$B$33,,0,1) -> Chicken Burrito | H5: =_xlfn.XLOOKUP(F5,menu_items!$A$1:$A$33,menu_items!$C$1:$C$33,,0,1) -> Mexican | I5: =_xlfn.XLOOKUP(F5,menu_items!$A$1:$A$33,menu_items!$D$1:$D$33,,0,1) -> 12.95
A6: 5 | B6: 2 | C6: 44927 | D6: 0.49837963 | E6: =TEXT(Table1[[#This Row],[order_time]],"HH") -> 11 | F6: 129 | G6: =_xlfn.XLOOKUP(F6,menu_items!$A$1:$A$33,menu_items!$B$1:$B$33,,0,1) -> Mushroom Ravioli | H6: =_xlfn.XLOOKUP(F6,menu_items!$A$1:$A$33,menu_items!$C$1:$C$33,,0,1) -> Italian | I6: =_xlfn.XLOOKUP(F6,menu_items!$A$1:$A$33,menu_items!$D$1:$D$33,,0,1) -> 15.5
A7: 6 | B7: 2 | C7: 44927 | D7: 0.49837963 | E7: =TEXT(Table1[[#This Row],[order_time]],"HH") -> 11 | F7: 106 | G7: =_xlfn.XLOOKUP(F7,menu_items!$A$1:$A$33,menu_items!$B$1:$B$33,,0,1) -> French Fries | H7: =_xlfn.XLOOKUP(F7,menu_items!$A$1:$A$33,menu_items!$C$1:$C$33,,0,1) -> American | I7: =_xlfn.XLOOKUP(F7,menu_items!$A$1:$A$33,menu_items!$D$1:$D$33,,0,1) -> 7
A8: 7 | B8: 3 | C8: 44927 | D8: 0.50865741 | E8: =TEXT(Table1[[#This Row],[order_time]],"HH") -> 12 | F8: 117 | G8: =_xlfn.XLOOKUP(F8,menu_items!$A$1:$A$33,menu_items!$B$1:$B$33,,0,1) -> Chicken Burrito | H8: =_xlfn.XLOOKUP(F8,menu_items!$A$1:$A$33,menu_items!$C$1:$C$33,,0,1) -> Mexican | I8: =_xlfn.XLOOKUP(F8,menu_items!$A$1:$A$33,menu_items!$D$1:$D$33,,0,1) -> 12.95
A9: 8 | B9: 3 | C9: 44927 | D9: 0.50865741 | E9: =TEXT(Table1[[#This Row],[order_time]],"HH") -> 12 | F9: 119 | G9: =_xlfn.XLOOKUP(F9,menu_items!$A$1:$A$33,menu_items!$B$1:$B$33,,0,1) -> Chicken Torta | H9: =_xlfn.XLOOKUP(F9,menu_items!$A$1:$A$33,menu_items!$C$1:$C$33,,0,1) -> Mexican | I9: =_xlfn.XLOOKUP(F9,menu_items!$A$1:$A$33,menu_items!$D$1:$D$33,,0,1) -> 11.95
A10: 9 | B10: 4 | C10: 44927 | D10: 0.51146991 | E10: =TEXT(Table1[[#This Row],[order_time]],"HH") -> 12 | F10: 117 | G10: =_xlfn.XLOOKUP(F10,menu_items!$A$1:$A$33,menu_items!$B$1:$B$33,,0,1) -> Chicken Burrito | H10: =_xlfn.XLOOKUP(F10,menu_items!$A$1:$A$33,menu_items!$C$1:$C$33,,0,1) -> Mexican | I10: =_xlfn.XLOOKUP(F10,menu_items!$A$1:$A$33,menu_items!$D$1:$D$33,,0,1) -> 12.95
A11: 10 | B11: 5 | C11: 44927 | D11: 0.51493056 | E11: =TEXT(Table1[[#This Row],[order_time]],"HH") -> 12 | F11: 117 | G11: =_xlfn.XLOOKUP(F11,menu_items!$A$1:$A$33,menu_items!$B$1:$B$33,,0,1) -> Chicken Burrito | H11: =_xlfn.XLOOKUP(F11,menu_items!$A$1:$A$33,menu_items!$C$1:$C$33,,0,1) -> Mexican | I11: =_xlfn.XLOOKUP(F11,menu_items!$A$1:$A$33,menu_items!$D$1:$D$33,,0,1) -> 12.95
A12: 11 | B12: 6 | C12: 44927 | D12: 0.52055556 | E12: =TEXT(Table1[[#This Row],[order_time]],"HH") -> 12 | F12: 101 | G12: =_xlfn.XLOOKUP(F12,menu_items!$A$1:$A$33,menu_items!$B$1:$B$33,,0,1) -> Hamburger | H12: =_xlfn.XLOOKUP(F12,menu_items!$A$1:$A$33,menu_items!$C$1:$C$33,,0,1) -> American | I12: =_xlfn.XLOOKUP(F12,menu_items!$A$1:$A$33,menu_items!$D$1:$D$33,,0,1) -> 12.95
A13: 12 | B13: 6 | C13: 44927 | D13: 0.52055556 | E13: =TEXT(Table1[[#This Row],[order_time]],"HH") -> 12 | F13: 114 | G13: =_xlfn.XLOOKUP(F13,menu_items!$A$1:$A$33,menu_items!$B$1:$B$33,,0,1) -> Potstickers | H13: =_xlfn.XLOOKUP(F13,menu_items!$A$1:$A$33,menu_items!$C$1:$C$33,,0,1) -> Asian | I13: =_xlfn.XLOOKUP(F13,menu_items!$A$1:$A$33,menu_items!$D$1:$D$33,,0,1) -> 9
... A122: 121 | B122: 49 | C122: 44927 | D122: 0.77291667 | E122: =TEXT(Table1[[#This Row],[order_time]],"HH") -> 18 | F122: 120 | G122: =_xlfn.XLOOKUP(F122,menu_items!$A$1:$A$33,menu_items!$B$1:$B$33,,0,1) -> Steak Torta | H122: =_xlfn.XLOOKUP(F122,menu_items!$A$1:$A$33,menu_items!$C$1:$C$33,,0,1) -> Mexican | I122: =_xlfn.XLOOKUP(F122,menu_items!$A$1:$A$33,menu_items!$D$1:$D$33,,0,1) -> 13.95
A123: 122 | B123: 50 | C123: 44927 | D123: 0.7784838 | E123: =TEXT(Table1[[#This Row],[order_time]],"HH") -> 18 | F123: NULL | G123: =_xlfn.XLOOKUP(F123,menu_items!$A$1:$A$33,menu_items!$B$1:$B$33,,0,1) -> #N/A | H123: =_xlfn.XLOOKUP(F123,menu_items!$A$1:$A$33,menu_items!$C$1:$C$33,,0,1) -> #N/A | I123: =_xlfn.XLOOKUP(F123,menu_items!$A$1:$A$33,menu_items!$D$1:$D$33,,0,1) -> #N/A
A124: 123 | B124: 51 | C124: 44927 | D124: 0.78365741 | E124: =TEXT(Table1[[#This Row],[order_time]],"HH") -> 18 | F124: 101 | G124: =_xlfn.XLOOKUP(F124,menu_items!$A$1:$A$33,menu_items!$B$1:$B$33,,0,1) -> Hamburger | H124: =_xlfn.XLOOKUP(F124,menu_items!$A$1:$A$33,menu_items!$C$1:$C$33,,0,1) -> American | I124: =_xlfn.XLOOKUP(F124,menu_items!$A$1:$A$33,menu_items!$D$1:$D$33,,0,1) -> 12.95
A125: 124 | B125: 51 | C125: 44927 | D125: 0.78365741 | E125: =TEXT(Table1[[#This Row],[order_time]],"HH") -> 18 | F125: 112 | G125: =_xlfn.XLOOKUP(F125,menu_items!$A$1:$A$33,menu_items!$B$1:$B$33,,0,1) -> Salmon Roll | H125: =_xlfn.XLOOKUP(F125,menu_items!$A$1:$A$33,menu_items!$C$1:$C$33,,0,1) -> Asian | I125: =_xlfn.XLOOKUP(F125,menu_items!$A$1:$A$33,menu_items!$D$1:$D$33,,0,1) -> 14.95
A126: 125 | B126: 52 | C126: 44927 | D126: 0.7868287 | E126: =TEXT(Table1[[#This Row],[order_time]],"HH") -> 18 | F126: 109 | G126: =_xlfn.XLOOKUP(F126,menu_items!$A$1:$A$33,menu_items!$B$1:$B$33,,0,1) -> Korean Beef Bowl | H126: =_xlfn.XLOOKUP(F126,menu_items!$A$1:$A$33,menu_items!$C$1:$C$33,,0,1) -> Asian | I126: =_xlfn.XLOOKUP(F126,menu_items!$A$1:$A$33,menu_items!$D$1:$D$33,,0,1) -> 17.95
A127: 126 | B127: 52 | C127: 44927 | D127: 0.7868287 | E127: =TEXT(Table1[[#This Row],[order_time]],"HH") -> 18 | F127: 129 | G127: =_xlfn.XLOOKUP(F127,menu_items!$A$1:$A$33,menu_items!$B$1:$B$33,,0,1) -> Mushroom Ravioli | H127: =_xlfn.XLOOKUP(F127,menu_items!$A$1:$A$33,menu_items!$C$1:$C$33,,0,1) -> Italian | I127: =_xlfn.XLOOKUP(F127,menu_items!$A$1:$A$33,menu_items!$D$1:$D$33,,0,1) -> 15.5
A128: 127 | B128: 52 | C128: 44927 | D128: 0.7868287 | E128: =TEXT(Table1[[#This Row],[order_time]],"HH") -> 18 | F128: 122 | G128: =_xlfn.XLOOKUP(F128,menu_items!$A$1:$A$33,menu_items!$B$1:$B$33,,0,1) -> Chips & Salsa | H128: =_xlfn.XLOOKUP(F128,menu_items!$A$1:$A$33,menu_items!$C$1:$C$33,,0,1) -> Mexican | I128: =_xlfn.XLOOKUP(F128,menu_items!$A$1:$A$33,menu_items!$D$1:$D$33,,0,1) -> 7
A129: 128 | B129: 53 | C129: 44927 | D129: 0.78769676 | E129: =TEXT(Table1[[#This Row],[order_time]],"HH") -> 18 | F129: 112 | G129: =_xlfn.XLOOKUP(F129,menu_items!$A$1:$A$33,menu_items!$B$1:$B$33,,0,1) -> Salmon Roll | H129: =_xlfn.XLOOKUP(F129,menu_items!$A$1:$A$33,menu_items!$C$1:$C$33,,0,1) -> Asian | I129: =_xlfn.XLOOKUP(F129,menu_items!$A$1:$A$33,menu_items!$D$1:$D$33,,0,1) -> 14.95
A130: 129 | B130: 53 | C130: 44927 | D130: 0.78769676 | E130: =TEXT(Table1[[#This Row],[order_time]],"HH") -> 18 | F130: 123 | G130: =_xlfn.XLOOKUP(F130,menu_items!$A$1:$A$33,menu_items!$B$1:$B$33,,0,1) -> Chips & Guacamole | H130: =_xlfn.XLOOKUP(F130,menu_items!$A$1:$A$33,menu_items!$C$1:$C$33,,0,1) -> Mexican | I130: =_xlfn.XLOOKUP(F130,menu_items!$A$1:$A$33,menu_items!$D$1:$D$33,,0,1) -> 9
A131: 130 | B131: 54 | C131: 44927 | D131: 0.79288194 | E131: =TEXT(Table1[[#This Row],[order_time]],"HH") -> 19 | F131: 119 | G131: =_xlfn.XLOOKUP(F131,menu_items!$A$1:$A$33,menu_items!$B$1:$B$33,,0,1) -> Chicken Torta | H131: =_xlfn.XLOOKUP(F131,menu_items!$A$1:$A$33,menu_items!$C$1:$C$33,,0,1) -> Mexican | I131: =_xlfn.XLOOKUP(F131,menu_items!$A$1:$A$33,menu_items!$D$1:$D$33,,0,1) -> 11.95
A132: 131 | B132: 54 | C132: 44927 | D132: 0.79288194 | E132: =TEXT(Table1[[#This Row],[order_time]],"HH") -> 19 | F132: 106 | G132: =_xlfn.XLOOKUP(F132,menu_items!$A$1:$A$33,menu_items!$B$1:$B$33,,0,1) -> French Fries | H132: =_xlfn.XLOOKUP(F132,menu_items!$A$1:$A$33,menu_items!$C$1:$C$33,,0,1) -> American | I132: =_xlfn.XLOOKUP(F132,menu_items!$A$1:$A$33,menu_items!$D$1:$D$33,,0,1) -> 7
A133: 132 | B133: 55 | C133: 44927 | D133: 0.79396991 | E133: =TEXT(Table1[[#This Row],[order_time]],"HH") -> 19 | F133: 118 | G133: =_xlfn.XLOOKUP(F133,menu_items!$A$1:$A$33,menu_items!$B$1:$B$33,,0,1) -> Steak Burrito | H133: =_xlfn.XLOOKUP(F133,menu_items!$A$1:$A$33,menu_items!$C$1:$C$33,,0,1) -> Mexican | I133: =_xlfn.XLOOKUP(F133,menu_items!$A$1:$A$33,menu_items!$D$1:$D$33,,0,1) -> 14.95
A134: 133 | B134: 55 | C134: 44927 | D134: 0.79396991 | E134: =TEXT(Table1[[#This Row],[order_time]],"HH") -> 19 | F134: 122 | G134: =_xlfn.XLOOKUP(F134,menu_items!$A$1:$A$33,menu_items!$B$1:$B$33,,0,1) -> Chips & Salsa | H134: =_xlfn.XLOOKUP(F134,menu_items!$A$1:$A$33,menu_items!$C$1:$C$33,,0,1) -> Mexican | I134: =_xlfn.XLOOKUP(F134,menu_items!$A$1:$A$33,menu_items!$D$1:$D$33,,0,1) -> 7
A135: 134 | B135: 56 | C135: 44927 | D135: 0.79652778 | E135: =TEXT(Table1[[#This Row],[order_time]],"HH") -> 19 | F135: 108 | G135: =_xlfn.XLOOKUP(F135,menu_items!$A$1:$A$33,menu_items!$B$1:$B$33,,0,1) -> Tofu Pad Thai | H135: =_xlfn.XLOOKUP(F135,menu_items!$A$1:$A$33,menu_items!$C$1:$C$33,,0,1) -> Asian | I135: =_xlfn.XLOOKUP(F135,menu_items!$A$1:$A$33,menu_items!$D$1:$D$33,,0,1) -> 14.5
... A298: 297 | B298: 124 | C298: 44958 | D298: 0.84206019 | E298: =TEXT(Table1[[#This Row],[order_time]],"HH") -> 20 | F298: 114 | G298: =_xlfn.XLOOKUP(F298,menu_items!$A$1:$A$33,menu_items!$B$1:$B$33,,0,1) -> Potstickers | H298: =_xlfn.XLOOKUP(F298,menu_items!$A$1:$A$33,menu_items!$C$1:$C$33,,0,1) -> Asian | I298: =_xlfn.XLOOKUP(F298,menu_items!$A$1:$A$33,menu_items!$D$1:$D$33,,0,1) -> 9
A299: 298 | B299: 125 | C299: 44958 | D299: 0.85493056 | E299: =TEXT(Table1[[#This Row],[order_time]],"HH") -> 20 | F299: NULL | G299: =_xlfn.XLOOKUP(F299,menu_items!$A$1:$A$33,menu_items!$B$1:$B$33,,0,1) -> #N/A | H299: =_xlfn.XLOOKUP(F299,menu_items!$A$1:$A$33,menu_items!$C$1:$C$33,,0,1) -> #N/A | I299: =_xlfn.XLOOKUP(F299,menu_items!$A$1:$A$33,menu_items!$D$1:$D$33,,0,1) -> #N/A
A300: 299 | B300: 126 | C300: 44958 | D300: 0.870625 | E300: =TEXT(Table1[[#This Row],[order_time]],"HH") -> 20 | F300: 132 | G300: =_xlfn.XLOOKUP(F300,menu_items!$A$1:$A$33,menu_items!$B$1:$B$33,,0,1) -> Eggplant Parmesan | H300: =_xlfn.XLOOKUP(F300,menu_items!$A$1:$A$33,menu_items!$C$1:$C$33,,0,1) -> Italian | I300: =_xlfn.XLOOKUP(F300,menu_items!$A$1:$A$33,menu_items!$D$1:$D$33,,0,1) -> 16.95
A301: 300 | B301: 127 | C301: 44958 | D301: 0.87387731 | E301: =TEXT(Table1[[#This Row],[order_time]],"HH") -> 20 | F301: 113 | G301: =_xlfn.XLOOKUP(F301,menu_items!$A$1:$A$33,menu_items!$B$1:$B$33,,0,1) -> Edamame | H301: =_xlfn.XLOOKUP(F301,menu_items!$A$1:$A$33,menu_items!$C$1:$C$33,,0,1) -> Asian | I301: =_xlfn.XLOOKUP(F301,menu_items!$A$1:$A$33,menu_items!$D$1:$D$33,,0,1) -> 5
A302: 301 | B302: 128 | C302: 44958 | D302: 0.87854167 | E302: =TEXT(Table1[[#This Row],[order_time]],"HH") -> 21 | F302: 122 | G302: =_xlfn.XLOOKUP(F302,menu_items!$A$1:$A$33,menu_items!$B$1:$B$33,,0,1) -> Chips & Salsa | H302: =_xlfn.XLOOKUP(F302,menu_items!$A$1:$A$33,menu_items!$C$1:$C$33,,0,1) -> Mexican | I302: =_xlfn.XLOOKUP(F302,menu_items!$A$1:$A$33,menu_items!$D$1:$D$33,,0,1) -> 7
A303: 302 | B303: 129 | C303: 44958 | D303: 0.88405093 | E303: =TEXT(Table1[[#This Row],[order_time]],"HH") -> 21 | F303: 107 | G303: =_xlfn.XLOOKUP(F303,menu_items!$A$1:$A$33,menu_items!$B$1:$B$33,,0,1) -> Orange Chicken | H303: =_xlfn.XLOOKUP(F303,menu_items!$A$1:$A$33,menu_items!$C$1:$C$33,,0,1) -> Asian | I303: =_xlfn.XLOOKUP(F303,menu_items!$A$1:$A$33,menu_items!$D$1:$D$33,,0,1) -> 16.5
A304: 303 | B304: 129 | C304: 44958 | D304: 0.88405093 | E304: =TEXT(Table1[[#This Row],[order_time]],"HH") -> 21 | F304: 114 | G304: =_xlfn.XLOOKUP(F304,menu_items!$A$1:$A$33,menu_items!$B$1:$B$33,,0,1) -> Potstickers | H304: =_xlfn.XLOOKUP(F304,menu_items!$A$1:$A$33,menu_items!$C$1:$C$33,,0,1) -> Asian | I304: =_xlfn.XLOOKUP(F304,menu_items!$A$1:$A$33,menu_items!$D$1:$D$33,,0,1) -> 9
A305: 304 | B305: 130 | C305: 44958 | D305: 0.8853588 | E305: =TEXT(Table1[[#This Row],[order_time]],"HH") -> 21 | F305: 109 | G305: =_xlfn.XLOOKUP(F305,menu_items!$A$1:$A$33,menu_items!$B$1:$B$33,,0,1) -> Korean Beef Bowl | H305: =_xlfn.XLOOKUP(F305,menu_items!$A$1:$A$33,menu_items!$C$1:$C$33,,0,1) -> Asian | I305: =_xlfn.XLOOKUP(F305,menu_items!$A$1:$A$33,menu_items!$D$1:$D$33,,0,1) -> 17.95
A306: 305 | B306: 130 | C306: 44958 | D306: 0.8853588 | E306: =TEXT(Table1[[#This Row],[order_time]],"HH") -> 21 | F306: 110 | G306: =_xlfn.XLOOKUP(F306,menu_items!$A$1:$A$33,menu_items!$B$1:$B$33,,0,1) -> Pork Ramen | H306: =_xlfn.XLOOKUP(F306,menu_items!$A$1:$A$33,menu_items!$C$1:$C$33,,0,1) -> Asian | I306: =_xlfn.XLOOKUP(F306,menu_items!$A$1:$A$33,menu_items!$D$1:$D$33,,0,1) -> 17.95
A307: 306 | B307: 130 | C307: 44958 | D307: 0.8853588 | E307: =TEXT(Table1[[#This Row],[order_time]],"HH") -> 21 | F307: 129 | G307: =_xlfn.XLOOKUP(F307,menu_items!$A$1:$A$33,menu_items!$B$1:$B$33,,0,1) -> Mushroom Ravioli | H307: =_xlfn.XLOOKUP(F307,menu_items!$A$1:$A$33,menu_items!$C$1:$C$33,,0,1) -> Italian | I307: =_xlfn.XLOOKUP(F307,menu_items!$A$1:$A$33,menu_items!$D$1:$D$33,,0,1) -> 15.5
A308: 307 | B308: 130 | C308: 44958 | D308: 0.8853588 | E308: =TEXT(Table1[[#This Row],[order_time]],"HH") -> 21 | F308: 105 | G308: =_xlfn.XLOOKUP(F308,menu_items!$A$1:$A$33,menu_items!$B$1:$B$33,,0,1) -> Mac & Cheese | H308: =_xlfn.XLOOKUP(F308,menu_items!$A$1:$A$33,menu_items!$C$1:$C$33,,0,1) -> American | I308: =_xlfn.XLOOKUP(F308,menu_items!$A$1:$A$33,menu_items!$D$1:$D$33,,0,1) -> 7
A309: 308 | B309: 131 | C309: 44958 | D309: 0.89803241 | E309: =TEXT(Table1[[#This Row],[order_time]],"HH") -> 21 | F309: 104 | G309: =_xlfn.XLOOKUP(F309,menu_items!$A$1:$A$33,menu_items!$B$1:$B$33,,0,1) -> Veggie Burger | H309: =_xlfn.XLOOKUP(F309,menu_items!$A$1:$A$33,menu_items!$C$1:$C$33,,0,1) -> American | I309: =_xlfn.XLOOKUP(F309,menu_items!$A$1:$A$33,menu_items!$D$1:$D$33,,0,1) -> 10.5
A310: 309 | B310: 131 | C310: 44958 | D310: 0.89803241 | E310: =TEXT(Table1[[#This Row],[order_time]],"HH") -> 21 | F310: 124 | G310: =_xlfn.XLOOKUP(F310,menu_items!$A$1:$A$33,menu_items!$B$1:$B$33,,0,1) -> Spaghetti | H310: =_xlfn.XLOOKUP(F310,menu_items!$A$1:$A$33,menu_items!$C$1:$C$33,,0,1) -> Italian | I310: =_xlfn.XLOOKUP(F310,menu_items!$A$1:$A$33,menu_items!$D$1:$D$33,,0,1) -> 14.5
A311: 310 | B311: 131 | C311: 44958 | D311: 0.89803241 | E311: =TEXT(Table1[[#This Row],[order_time]],"HH") -> 21 | F311: 126 | G311: =_xlfn.XLOOKUP(F311,menu_items!$A$1:$A$33,menu_items!$B$1:$B$33,,0,1) -> Fettuccine Alfredo | H311: =_xlfn.XLOOKUP(F311,menu_items!$A$1:$A$33,menu_items!$C$1:$C$33,,0,1) -> Italian | I311: =_xlfn.XLOOKUP(F311,menu_items!$A$1:$A$33,menu_items!$D$1:$D$33,,0,1) -> 14.5
... A358: 357 | B358: 146 | C358: 44986 | D358: 0.59872685 | E358: =TEXT(Table1[[#This Row],[order_time]],"HH") -> 14 | F358: 109 | G358: =_xlfn.XLOOKUP(F358,menu_items!$A$1:$A$33,menu_items!$B$1:$B$33,,0,1) -> Korean Beef Bowl | H358: =_xlfn.XLOOKUP(F358,menu_items!$A$1:$A$33,menu_items!$C$1:$C$33,,0,1) -> Asian | I358: =_xlfn.XLOOKUP(F358,menu_items!$A$1:$A$33,menu_items!$D$1:$D$33,,0,1) -> 17.95
A359: 358 | B359: 147 | C359: 44986 | D359: 0.60614583 | E359: =TEXT(Table1[[#This Row],[order_time]],"HH") -> 14 | F359: NULL | G359: =_xlfn.XLOOKUP(F359,menu_items!$A$1:$A$33,menu_items!$B$1:$B$33,,0,1) -> #N/A | H359: =_xlfn.XLOOKUP(F359,menu_items!$A$1:$A$33,menu_items!$C$1:$C$33,,0,1) -> #N/A | I359: =_xlfn.XLOOKUP(F359,menu_items!$A$1:$A$33,menu_items!$D$1:$D$33,,0,1) -> #N/A
A360: 359 | B360: 148 | C360: 44986 | D360: 0.61159722 | E360: =TEXT(Table1[[#This Row],[order_time]],"HH") -> 14 | F360: 128 | G360: =_xlfn.XLOOKUP(F360,menu_items!$A$1:$A$33,menu_items!$B$1:$B$33,,0,1) -> Cheese Lasagna | H360: =_xlfn.XLOOKUP(F360,menu_items!$A$1:$A$33,menu_items!$C$1:$C$33,,0,1) -> Italian | I360: =_xlfn.XLOOKUP(F360,menu_items!$A$1:$A$33,menu_items!$D$1:$D$33,,0,1) -> 15.5
A361: 360 | B361: 149 | C361: 44986 | D361: 0.6171875 | E361: =TEXT(Table1[[#This Row],[order_time]],"HH") -> 14 | F361: 131 | G361: =_xlfn.XLOOKUP(F361,menu_items!$A$1:$A$33,menu_items!$B$1:$B$33,,0,1) -> Chicken Parmesan | H361: =_xlfn.XLOOKUP(F361,menu_items!$A$1:$A$33,menu_items!$C$1:$C$33,,0,1) -> Italian | I361: =_xlfn.XLOOKUP(F361,menu_items!$A$1:$A$33,menu_items!$D$1:$D$33,,0,1) -> 17.95
A362: 361 | B362: 150 | C362: 44986 | D362: 0.61803241 | E362: =TEXT(Table1[[#This Row],[order_time]],"HH") -> 14 | F362: 113 | G362: =_xlfn.XLOOKUP(F362,menu_items!$A$1:$A$33,menu_items!$B$1:$B$33,,0,1) -> Edamame | H362: =_xlfn.XLOOKUP(F362,menu_items!$A$1:$A$33,menu_items!$C$1:$C$33,,0,1) -> Asian | I362: =_xlfn.XLOOKUP(F362,menu_items!$A$1:$A$33,menu_items!$D$1:$D$33,,0,1) -> 5
A363: 362 | B363: 151 | C363: 44986 | D363: 0.63164352 | E363: =TEXT(Table1[[#This Row],[order_time]],"HH") -> 15 | F363: 105 | G363: =_xlfn.XLOOKUP(F363,menu_items!$A$1:$A$33,menu_items!$B$1:$B$33,,0,1) -> Mac & Cheese | H363: =_xlfn.XLOOKUP(F363,menu_items!$A$1:$A$33,menu_items!$C$1:$C$33,,0,1) -> American | I363: =_xlfn.XLOOKUP(F363,menu_items!$A$1:$A$33,menu_items!$D$1:$D$33,,0,1) -> 7
A364: 363 | B364: 151 | C364: 44986 | D364: 0.63164352 | E364: =TEXT(Table1[[#This Row],[order_time]],"HH") -> 15 | F364: 123 | G364: =_xlfn.XLOOKUP(F364,menu_items!$A$1:$A$33,menu_items!$B$1:$B$33,,0,1) -> Chips & Guacamole | H364: =_xlfn.XLOOKUP(F364,menu_items!$A$1:$A$33,menu_items!$C$1:$C$33,,0,1) -> Mexican | I364: =_xlfn.XLOOKUP(F364,menu_items!$A$1:$A$33,menu_items!$D$1:$D$33,,0,1) -> 9
A365: 364 | B365: 152 | C365: 44986 | D365: 0.63173611 | E365: =TEXT(Table1[[#This Row],[order_time]],"HH") -> 15 | F365: 109 | G365: =_xlfn.XLOOKUP(F365,menu_items!$A$1:$A$33,menu_items!$B$1:$B$33,,0,1) -> Korean Beef Bowl | H365: =_xlfn.XLOOKUP(F365,menu_items!$A$1:$A$33,menu_items!$C$1:$C$33,,0,1) -> Asian | I365: =_xlfn.XLOOKUP(F365,menu_items!$A$1:$A$33,menu_items!$D$1:$D$33,,0,1) -> 17.95
A366: 365 | B366: 152 | C366: 44986 | D366: 0.63173611 | E366: =TEXT(Table1[[#This Row],[order_time]],"HH") -> 15 | F366: 131 | G366: =_xlfn.XLOOKUP(F366,menu_items!$A$1:$A$33,menu_items!$B$1:$B$33,,0,1) -> Chicken Parmesan | H366: =_xlfn.XLOOKUP(F366,menu_items!$A$1:$A$33,menu_items!$C$1:$C$33,,0,1) -> Italian | I366: =_xlfn.XLOOKUP(F366,menu_items!$A$1:$A$33,menu_items!$D$1:$D$33,,0,1) -> 17.95
A367: 366 | B367: 152 | C367: 44986 | D367: 0.63173611 | E367: =TEXT(Table1[[#This Row],[order_time]],"HH") -> 15 | F367: 106 | G367: =_xlfn.XLOOKUP(F367,menu_items!$A$1:$A$33,menu_items!$B$1:$B$33,,0,1) -> French Fries | H367: =_xlfn.XLOOKUP(F367,menu_items!$A$1:$A$33,menu_items!$C$1:$C$33,,0,1) -> American | I367: =_xlfn.XLOOKUP(F367,menu_items!$A$1:$A$33,menu_items!$D$1:$D$33,,0,1) -> 7
A368: 367 | B368: 152 | C368: 44986 | D368: 0.63173611 | E368: =TEXT(Table1[[#This Row],[order_time]],"HH") -> 15 | F368: 114 | G368: =_xlfn.XLOOKUP(F368,menu_items!$A$1:$A$33,menu_items!$B$1:$B$33,,0,1) -> Potstickers | H368: =_xlfn.XLOOKUP(F368,menu_items!$A$1:$A$33,menu_items!$C$1:$C$33,,0,1) -> Asian | I368: =_xlfn.XLOOKUP(F368,menu_items!$A$1:$A$33,menu_items!$D$1:$D$33,,0,1) -> 9
A369: 368 | B369: 153 | C369: 44986 | D369: 0.63650463 | E369: =TEXT(Table1[[#This Row],[order_time]],"HH") -> 15 | F369: 129 | G369: =_xlfn.XLOOKUP(F369,menu_items!$A$1:$A$33,menu_items!$B$1:$B$33,,0,1) -> Mushroom Ravioli | H369: =_xlfn.XLOOKUP(F369,menu_items!$A$1:$A$33,menu_items!$C$1:$C$33,,0,1) -> Italian | I369: =_xlfn.XLOOKUP(F369,menu_items!$A$1:$A$33,menu_items!$D$1:$D$33,,0,1) -> 15.5
A370: 369 | B370: 154 | C370: 44986 | D370: 0.64077546 | E370: =TEXT(Table1[[#This Row],[order_time]],"HH") -> 15 | F370: 119 | G370: =_xlfn.XLOOKUP(F370,menu_items!$A$1:$A$33,menu_items!$B$1:$B$33,,0,1) -> Chicken Torta | H370: =_xlfn.XLOOKUP(F370,menu_items!$A$1:$A$33,menu_items!$C$1:$C$33,,0,1) -> Mexican | I370: =_xlfn.XLOOKUP(F370,menu_items!$A$1:$A$33,menu_items!$D$1:$D$33,,0,1) -> 11.95
A371: 370 | B371: 155 | C371: 44986 | D371: 0.64512731 | E371: =TEXT(Table1[[#This Row],[order_time]],"HH") -> 15 | F371: 104 | G371: =_xlfn.XLOOKUP(F371,menu_items!$A$1:$A$33,menu_items!$B$1:$B$33,,0,1) -> Veggie Burger | H371: =_xlfn.XLOOKUP(F371,menu_items!$A$1:$A$33,menu_items!$C$1:$C$33,,0,1) -> American | I371: =_xlfn.XLOOKUP(F371,menu_items!$A$1:$A$33,menu_items!$D$1:$D$33,,0,1) -> 10.5
... A387: 386 | B387: 161 | C387: 44986 | D387: 0.69706019 | E387: =TEXT(Table1[[#This Row],[order_time]],"HH") -> 16 | F387: 122 | G387: =_xlfn.XLOOKUP(F387,menu_items!$A$1:$A$33,menu_items!$B$1:$B$33,,0,1) -> Chips & Salsa | H387: =_xlfn.XLOOKUP(F387,menu_items!$A$1:$A$33,menu_items!$C$1:$C$33,,0,1) -> Mexican | I387: =_xlfn.XLOOKUP(F387,menu_items!$A$1:$A$33,menu_items!$D$1:$D$33,,0,1) -> 7
A388: 387 | B388: 161 | C388: 44986 | D388: 0.69706019 | E388: =TEXT(Table1[[#This Row],[order_time]],"HH") -> 16 | F388: NULL | G388: =_xlfn.XLOOKUP(F388,menu_items!$A$1:$A$33,menu_items!$B$1:$B$33,,0,1) -> #N/A | H388: =_xlfn.XLOOKUP(F388,menu_items!$A$1:$A$33,menu_items!$C$1:$C$33,,0,1) -> #N/A | I388: =_xlfn.XLOOKUP(F388,menu_items!$A$1:$A$33,menu_items!$D$1:$D$33,,0,1) -> #N/A
A389: 388 | B389: 162 | C389: 44986 | D389: 0.70233796 | E389: =TEXT(Table1[[#This Row],[order_time]],"HH") -> 16 | F389: 107 | G389: =_xlfn.XLOOKUP(F389,menu_items!$A$1:$A$33,menu_items!$B$1:$B$33,,0,1) -> Orange Chicken | H389: =_xlfn.XLOOKUP(F389,menu_items!$A$1:$A$33,menu_items!$C$1:$C$33,,0,1) -> Asian | I389: =_xlfn.XLOOKUP(F389,menu_items!$A$1:$A$33,menu_items!$D$1:$D$33,,0,1) -> 16.5
A390: 389 | B390: 163 | C390: 44986 | D390: 0.70479167 | E390: =TEXT(Table1[[#This Row],[order_time]],"HH") -> 16 | F390: 109 | G390: =_xlfn.XLOOKUP(F390,menu_items!$A$1:$A$33,menu_items!$B$1:$B$33,,0,1) -> Korean Beef Bowl | H390: =_xlfn.XLOOKUP(F390,menu_items!$A$1:$A$33,menu_items!$C$1:$C$33,,0,1) -> Asian | I390: =_xlfn.XLOOKUP(F390,menu_items!$A$1:$A$33,menu_items!$D$1:$D$33,,0,1) -> 17.95
A391: 390 | B391: 163 | C391: 44986 | D391: 0.70479167 | E391: =TEXT(Table1[[#This Row],[order_time]],"HH") -> 16 | F391: 113 | G391: =_xlfn.XLOOKUP(F391,menu_items!$A$1:$A$33,menu_items!$B$1:$B$33,,0,1) -> Edamame | H391: =_xlfn.XLOOKUP(F391,menu_items!$A$1:$A$33,menu_items!$C$1:$C$33,,0,1) -> Asian | I391: =_xlfn.XLOOKUP(F391,menu_items!$A$1:$A$33,menu_items!$D$1:$D$33,,0,1) -> 5
A392: 391 | B392: 163 | C392: 44986 | D392: 0.70479167 | E392: =TEXT(Table1[[#This Row],[order_time]],"HH") -> 16 | F392: 114 | G392: =_xlfn.XLOOKUP(F392,menu_items!$A$1:$A$33,menu_items!$B$1:$B$33,,0,1) -> Potstickers | H392: =_xlfn.XLOOKUP(F392,menu_items!$A$1:$A$33,menu_items!$C$1:$C$33,,0,1) -> Asian | I392: =_xlfn.XLOOKUP(F392,menu_items!$A$1:$A$33,menu_items!$D$1:$D$33,,0,1) -> 9
A393: 392 | B393: 164 | C393: 44986 | D393: 0.7059375 | E393: =TEXT(Table1[[#This Row],[order_time]],"HH") -> 16 | F393: 102 | G393: =_xlfn.XLOOKUP(F393,menu_items!$A$1:$A$33,menu_items!$B$1:$B$33,,0,1) -> Cheeseburger | H393: =_xlfn.XLOOKUP(F393,menu_items!$A$1:$A$33,menu_items!$C$1:$C$33,,0,1) -> American | I393: =_xlfn.XLOOKUP(F393,menu_items!$A$1:$A$33,menu_items!$D$1:$D$33,,0,1) -> 13.95
A394: 393 | B394: 164 | C394: 44986 | D394: 0.7059375 | E394: =TEXT(Table1[[#This Row],[order_time]],"HH") -> 16 | F394: 113 | G394: =_xlfn.XLOOKUP(F394,menu_items!$A$1:$A$33,menu_items!$B$1:$B$33,,0,1) -> Edamame | H394: =_xlfn.XLOOKUP(F394,menu_items!$A$1:$A$33,menu_items!$C$1:$C$33,,0,1) -> Asian | I394: =_xlfn.XLOOKUP(F394,menu_items!$A$1:$A$33,menu_items!$D$1:$D$33,,0,1) -> 5
A395: 394 | B395: 165 | C395: 44986 | D395: 0.70667824 | E395: =TEXT(Table1[[#This Row],[order_time]],"HH") -> 16 | F395: 119 | G395: =_xlfn.XLOOKUP(F395,menu_items!$A$1:$A$33,menu_items!$B$1:$B$33,,0,1) -> Chicken Torta | H395: =_xlfn.XLOOKUP(F395,menu_items!$A$1:$A$33,menu_items!$C$1:$C$33,,0,1) -> Mexican | I395: =_xlfn.XLOOKUP(F395,menu_items!$A$1:$A$33,menu_items!$D$1:$D$33,,0,1) -> 11.95
A396: 395 | B396: 166 | C396: 44986 | D396: 0.70753472 | E396: =TEXT(Table1[[#This Row],[order_time]],"HH") -> 16 | F396: 119 | G396: =_xlfn.XLOOKUP(F396,menu_items!$A$1:$A$33,menu_items!$B$1:$B$33,,0,1) -> Chicken Torta | H396: =_xlfn.XLOOKUP(F396,menu_items!$A$1:$A$33,menu_items!$C$1:$C$33,,0,1) -> Mexican | I396: =_xlfn.XLOOKUP(F396,menu_items!$A$1:$A$33,menu_items!$D$1:$D$33,,0,1) -> 11.95
A397: 396 | B397: 167 | C397: 44986 | D397: 0.70890046 | E397: =TEXT(Table1[[#This Row],[order_time]],"HH") -> 17 | F397: 101 | G397: =_xlfn.XLOOKUP(F397,menu_items!$A$1:$A$33,menu_items!$B$1:$B$33,,0,1) -> Hamburger | H397: =_xlfn.XLOOKUP(F397,menu_items!$A$1:$A$33,menu_items!$C$1:$C$33,,0,1) -> American | I397: =_xlfn.XLOOKUP(F397,menu_items!$A$1:$A$33,menu_items!$D$1:$D$33,,0,1) -> 12.95
A398: 397 | B398: 167 | C398: 44986 | D398: 0.70890046 | E398: =TEXT(Table1[[#This Row],[order_time]],"HH") -> 17 | F398: 117 | G398: =_xlfn.XLOOKUP(F398,menu_items!$A$1:$A$33,menu_items!$B$1:$B$33,,0,1) -> Chicken Burrito | H398: =_xlfn.XLOOKUP(F398,menu_items!$A$1:$A$33,menu_items!$C$1:$C$33,,0,1) -> Mexican | I398: =_xlfn.XLOOKUP(F398,menu_items!$A$1:$A$33,menu_items!$D$1:$D$33,,0,1) -> 12.95
A399: 398 | B399: 167 | C399: 44986 | D399: 0.70890046 | E399: =TEXT(Table1[[#This Row],[order_time]],"HH") -> 17 | F399: 113 | G399: =_xlfn.XLOOKUP(F399,menu_items!$A$1:$A$33,menu_items!$B$1:$B$33,,0,1) -> Edamame | H399: =_xlfn.XLOOKUP(F399,menu_items!$A$1:$A$33,menu_items!$C$1:$C$33,,0,1) -> Asian | I399: =_xlfn.XLOOKUP(F399,menu_items!$A$1:$A$33,menu_items!$D$1:$D$33,,0,1) -> 5
A400: 399 | B400: 168 | C400: 44986 | D400: 0.71003472 | E400: =TEXT(Table1[[#This Row],[order_time]],"HH") -> 17 | F400: 107 | G400: =_xlfn.XLOOKUP(F400,menu_items!$A$1:$A$33,menu_items!$B$1:$B$33,,0,1) -> Orange Chicken | H400: =_xlfn.XLOOKUP(F400,menu_items!$A$1:$A$33,menu_items!$C$1:$C$33,,0,1) -> Asian | I400: =_xlfn.XLOOKUP(F400,menu_items!$A$1:$A$33,menu_items!$D$1:$D$33,,0,1) -> 16.5
... A470: 469 | B470: 199 | C470: 44986 | D470: 0.92405093 | E470: =TEXT(Table1[[#This Row],[order_time]],"HH") -> 22 | F470: 103 | G470: =_xlfn.XLOOKUP(F470,menu_items!$A$1:$A$33,menu_items!$B$1:$B$33,,0,1) -> Hot Dog | H470: =_xlfn.XLOOKUP(F470,menu_items!$A$1:$A$33,menu_items!$C$1:$C$33,,0,1) -> American | I470: =_xlfn.XLOOKUP(F470,menu_items!$A$1:$A$33,menu_items!$D$1:$D$33,,0,1) -> 9
A471: 470 | B471: 200 | C471: 44986 | D471: 0.9333912 | E471: =TEXT(Table1[[#This Row],[order_time]],"HH") -> 22 | F471: NULL | G471: =_xlfn.XLOOKUP(F471,menu_items!$A$1:$A$33,menu_items!$B$1:$B$33,,0,1) -> #N/A | H471: =_xlfn.XLOOKUP(F471,menu_items!$A$1:$A$33,menu_items!$C$1:$C$33,,0,1) -> #N/A | I471: =_xlfn.XLOOKUP(F471,menu_items!$A$1:$A$33,menu_items!$D$1:$D$33,,0,1) -> #N/A
A472: 471 | B472: 201 | C472: 44986 | D472: 0.93748843 | E472: =TEXT(Table1[[#This Row],[order_time]],"HH") -> 22 | F472: 116 | G472: =_xlfn.XLOOKUP(F472,menu_items!$A$1:$A$33,menu_items!$B$1:$B$33,,0,1) -> Steak Tacos | H472: =_xlfn.XLOOKUP(F472,menu_items!$A$1:$A$33,menu_items!$C$1:$C$33,,0,1) -> Mexican | I472: =_xlfn.XLOOKUP(F472,menu_items!$A$1:$A$33,menu_items!$D$1:$D$33,,0,1) -> 13.95
A473: 472 | B473: 201 | C473: 44986 | D473: 0.93748843 | E473: =TEXT(Table1[[#This Row],[order_time]],"HH") -> 22 | F473: 104 | G473: =_xlfn.XLOOKUP(F473,menu_items!$A$1:$A$33,menu_items!$B$1:$B$33,,0,1) -> Veggie Burger | H473: =_xlfn.XLOOKUP(F473,menu_items!$A$1:$A$33,menu_items!$C$1:$C$33,,0,1) -> American | I473: =_xlfn.XLOOKUP(F473,menu_items!$A$1:$A$33,menu_items!$D$1:$D$33,,0,1) -> 10.5
A474: 473 | B474: 201 | C474: 44986 | D474: 0.93748843 | E474: =TEXT(Table1[[#This Row],[order_time]],"HH") -> 22 | F474: 117 | G474: =_xlfn.XLOOKUP(F474,menu_items!$A$1:$A$33,menu_items!$B$1:$B$33,,0,1) -> Chicken Burrito | H474: =_xlfn.XLOOKUP(F474,menu_items!$A$1:$A$33,menu_items!$C$1:$C$33,,0,1) -> Mexican | I474: =_xlfn.XLOOKUP(F474,menu_items!$A$1:$A$33,menu_items!$D$1:$D$33,,0,1) -> 12.95
A475: 474 | B475: 201 | C475: 44986 | D475: 0.93748843 | E475: =TEXT(Table1[[#This Row],[order_time]],"HH") -> 22 | F475: NULL | G475: =_xlfn.XLOOKUP(F475,menu_items!$A$1:$A$33,menu_items!$B$1:$B$33,,0,1) -> #N/A | H475: =_xlfn.XLOOKUP(F475,menu_items!$A$1:$A$33,menu_items!$C$1:$C$33,,0,1) -> #N/A | I475: =_xlfn.XLOOKUP(F475,menu_items!$A$1:$A$33,menu_items!$D$1:$D$33,,0,1) -> #N/A
A476: 475 | B476: 202 | C476: 44986 | D476: 0.95172454 | E476: =TEXT(Table1[[#This Row],[order_time]],"HH") -> 22 | F476: 102 | G476: =_xlfn.XLOOKUP(F476,menu_items!$A$1:$A$33,menu_items!$B$1:$B$33,,0,1) -> Cheeseburger | H476: =_xlfn.XLOOKUP(F476,menu_items!$A$1:$A$33,menu_items!$C$1:$C$33,,0,1) -> American | I476: =_xlfn.XLOOKUP(F476,menu_items!$A$1:$A$33,menu_items!$D$1:$D$33,,0,1) -> 13.95
A477: 476 | B477: 203 | C477: 45017 | D477: 0.47972222 | E477: =TEXT(Table1[[#This Row],[order_time]],"HH") -> 11 | F477: 102 | G477: =_xlfn.XLOOKUP(F477,menu_items!$A$1:$A$33,menu_items!$B$1:$B$33,,0,1) -> Cheeseburger | H477: =_xlfn.XLOOKUP(F477,menu_items!$A$1:$A$33,menu_items!$C$1:$C$33,,0,1) -> American | I477: =_xlfn.XLOOKUP(F477,menu_items!$A$1:$A$33,menu_items!$D$1:$D$33,,0,1) -> 13.95
A478: 477 | B478: 203 | C478: 45017 | D478: 0.47972222 | E478: =TEXT(Table1[[#This Row],[order_time]],"HH") -> 11 | F478: 127 | G478: =_xlfn.XLOOKUP(F478,menu_items!$A$1:$A$33,menu_items!$B$1:$B$33,,0,1) -> Meat Lasagna | H478: =_xlfn.XLOOKUP(F478,menu_items!$A$1:$A$33,menu_items!$C$1:$C$33,,0,1) -> Italian | I478: =_xlfn.XLOOKUP(F478,menu_items!$A$1:$A$33,menu_items!$D$1:$D$33,,0,1) -> 17.95
A479: 478 | B479: 203 | C479: 45017 | D479: 0.47972222 | E479: =TEXT(Table1[[#This Row],[order_time]],"HH") -> 11 | F479: 112 | G479: =_xlfn.XLOOKUP(F479,menu_items!$A$1:$A$33,menu_items!$B$1:$B$33,,0,1) -> Salmon Roll | H479: =_xlfn.XLOOKUP(F479,menu_items!$A$1:$A$33,menu_items!$C$1:$C$33,,0,1) -> Asian | I479: =_xlfn.XLOOKUP(F479,menu_items!$A$1:$A$33,menu_items!$D$1:$D$33,,0,1) -> 14.95
A480: 479 | B480: 203 | C480: 45017 | D480: 0.47972222 | E480: =TEXT(Table1[[#This Row],[order_time]],"HH") -> 11 | F480: 114 | G480: =_xlfn.XLOOKUP(F480,menu_items!$A$1:$A$33,menu_items!$B$1:$B$33,,0,1) -> Potstickers | H480: =_xlfn.XLOOKUP(F480,menu_items!$A$1:$A$33,menu_items!$C$1:$C$33,,0,1) -> Asian | I480: =_xlfn.XLOOKUP(F480,menu_items!$A$1:$A$33,menu_items!$D$1:$D$33,,0,1) -> 9
A481: 480 | B481: 204 | C481: 45017 | D481: 0.48362269 | E481: =TEXT(Table1[[#This Row],[order_time]],"HH") -> 11 | F481: 122 | G481: =_xlfn.XLOOKUP(F481,menu_items!$A$1:$A$33,menu_items!$B$1:$B$33,,0,1) -> Chips & Salsa | H481: =_xlfn.XLOOKUP(F481,menu_items!$A$1:$A$33,menu_items!$C$1:$C$33,,0,1) -> Mexican | I481: =_xlfn.XLOOKUP(F481,menu_items!$A$1:$A$33,menu_items!$D$1:$D$33,,0,1) -> 7
A482: 481 | B482: 205 | C482: 45017 | D482: 0.48881944 | E482: =TEXT(Table1[[#This Row],[order_time]],"HH") -> 11 | F482: 102 | G482: =_xlfn.XLOOKUP(F482,menu_items!$A$1:$A$33,menu_items!$B$1:$B$33,,0,1) -> Cheeseburger | H482: =_xlfn.XLOOKUP(F482,menu_items!$A$1:$A$33,menu_items!$C$1:$C$33,,0,1) -> American | I482: =_xlfn.XLOOKUP(F482,menu_items!$A$1:$A$33,menu_items!$D$1:$D$33,,0,1) -> 13.95
A483: 482 | B483: 205 | C483: 45017 | D483: 0.48881944 | E483: =TEXT(Table1[[#This Row],[order_time]],"HH") -> 11 | F483: 103 | G483: =_xlfn.XLOOKUP(F483,menu_items!$A$1:$A$33,menu_items!$B$1:$B$33,,0,1) -> Hot Dog | H483: =_xlfn.XLOOKUP(F483,menu_items!$A$1:$A$33,menu_items!$C$1:$C$33,,0,1) -> American | I483: =_xlfn.XLOOKUP(F483,menu_items!$A$1:$A$33,menu_items!$D$1:$D$33,,0,1) -> 9
A484: 483 | B484: 205 | C484: 45017 | D484: 0.48881944 | E484: =TEXT(Table1[[#This Row],[order_time]],"HH") -> 11 | F484: 119 | G484: =_xlfn.XLOOKUP(F484,menu_items!$A$1:$A$33,menu_items!$B$1:$B$33,,0,1) -> Chicken Torta | H484: =_xlfn.XLOOKUP(F484,menu_items!$A$1:$A$33,menu_items!$C$1:$C$33,,0,1) -> Mexican | I484: =_xlfn.XLOOKUP(F484,menu_items!$A$1:$A$33,menu_items!$D$1:$D$33,,0,1) -> 11.95
A485: 484 | B485: 206 | C485: 45017 | D485: 0.48969907 | E485: =TEXT(Table1[[#This Row],[order_time]],"HH") -> 11 | F485: 111 | G485: =_xlfn.XLOOKUP(F485,menu_items!$A$1:$A$33,menu_items!$B$1:$B$33,,0,1) -> California Roll | H485: =_xlfn.XLOOKUP(F485,menu_items!$A$1:$A$33,menu_items!$C$1:$C$33,,0,1) -> Asian | I485: =_xlfn.XLOOKUP(F485,menu_items!$A$1:$A$33,menu_items!$D$1:$D$33,,0,1) -> 11.95
A486: 485 | B486: 206 | C486: 45017 | D486: 0.48969907 | E486: =TEXT(Table1[[#This Row],[order_time]],"HH") -> 11 | F486: 113 | G486: =_xlfn.XLOOKUP(F486,menu_items!$A$1:$A$33,menu_items!$B$1:$B$33,,0,1) -> Edamame | H486: =_xlfn.XLOOKUP(F486,menu_items!$A$1:$A$33,menu_items!$C$1:$C$33,,0,1) -> Asian | I486: =_xlfn.XLOOKUP(F486,menu_items!$A$1:$A$33,menu_items!$D$1:$D$33,,0,1) -> 5
A487: 486 | B487: 206 | C487: 45017 | D487: 0.48969907 | E487: =TEXT(Table1[[#This Row],[order_time]],"HH") -> 11 | F487: 122 | G487: =_xlfn.XLOOKUP(F487,menu_items!$A$1:$A$33,menu_items!$B$1:$B$33,,0,1) -> Chips & Salsa | H487: =_xlfn.XLOOKUP(F487,menu_items!$A$1:$A$33,menu_items!$C$1:$C$33,,0,1) -> Mexican | I487: =_xlfn.XLOOKUP(F487,menu_items!$A$1:$A$33,menu_items!$D$1:$D$33,,0,1) -> 7
... A779: 778 | B779: 338 | C779: 45078 | D779: 0.63780093 | E779: =TEXT(Table1[[#This Row],[order_time]],"HH") -> 15 | F779: 106 | G779: =_xlfn.XLOOKUP(F779,menu_items!$A$1:$A$33,menu_items!$B$1:$B$33,,0,1) -> French Fries | H779: =_xlfn.XLOOKUP(F779,menu_items!$A$1:$A$33,menu_items!$C$1:$C$33,,0,1) -> American | I779: =_xlfn.XLOOKUP(F779,menu_items!$A$1:$A$33,menu_items!$D$1:$D$33,,0,1) -> 7
A780: 779 | B780: 338 | C780: 45078 | D780: 0.63780093 | E780: =TEXT(Table1[[#This Row],[order_time]],"HH") -> 15 | F780: NULL | G780: =_xlfn.XLOOKUP(F780,menu_items!$A$1:$A$33,menu_items!$B$1:$B$33,,0,1) -> #N/A | H780: =_xlfn.XLOOKUP(F780,menu_items!$A$1:$A$33,menu_items!$C$1:$C$33,,0,1) -> #N/A | I780: =_xlfn.XLOOKUP(F780,menu_items!$A$1:$A$33,menu_items!$D$1:$D$33,,0,1) -> #N/A
A781: 780 | B781: 339 | C781: 45078 | D781: 0.64251157 | E781: =TEXT(Table1[[#This Row],[order_time]],"HH") -> 15 | F781: 122 | G781: =_xlfn.XLOOKUP(F781,menu_items!$A$1:$A$33,menu_items!$B$1:$B$33,,0,1) -> Chips & Salsa | H781: =_xlfn.XLOOKUP(F781,menu_items!$A$1:$A$33,menu_items!$C$1:$C$33,,0,1) -> Mexican | I781: =_xlfn.XLOOKUP(F781,menu_items!$A$1:$A$33,menu_items!$D$1:$D$33,,0,1) -> 7
A782: 781 | B782: 340 | C782: 45078 | D782: 0.64967593 | E782: =TEXT(Table1[[#This Row],[order_time]],"HH") -> 15 | F782: 118 | G782: =_xlfn.XLOOKUP(F782,menu_items!$A$1:$A$33,menu_items!$B$1:$B$33,,0,1) -> Steak Burrito | H782: =_xlfn.XLOOKUP(F782,menu_items!$A$1:$A$33,menu_items!$C$1:$C$33,,0,1) -> Mexican | I782: =_xlfn.XLOOKUP(F782,menu_items!$A$1:$A$33,menu_items!$D$1:$D$33,,0,1) -> 14.95
A783: 782 | B783: 341 | C783: 45078 | D783: 0.64984954 | E783: =TEXT(Table1[[#This Row],[order_time]],"HH") -> 15 | F783: 101 | G783: =_xlfn.XLOOKUP(F783,menu_items!$A$1:$A$33,menu_items!$B$1:$B$33,,0,1) -> Hamburger | H783: =_xlfn.XLOOKUP(F783,menu_items!$A$1:$A$33,menu_items!$C$1:$C$33,,0,1) -> American | I783: =_xlfn.XLOOKUP(F783,menu_items!$A$1:$A$33,menu_items!$D$1:$D$33,,0,1) -> 12.95
A784: 783 | B784: 341 | C784: 45078 | D784: 0.64984954 | E784: =TEXT(Table1[[#This Row],[order_time]],"HH") -> 15 | F784: 113 | G784: =_xlfn.XLOOKUP(F784,menu_items!$A$1:$A$33,menu_items!$B$1:$B$33,,0,1) -> Edamame | H784: =_xlfn.XLOOKUP(F784,menu_items!$A$1:$A$33,menu_items!$C$1:$C$33,,0,1) -> Asian | I784: =_xlfn.XLOOKUP(F784,menu_items!$A$1:$A$33,menu_items!$D$1:$D$33,,0,1) -> 5
A785: 784 | B785: 342 | C785: 45078 | D785: 0.65569444 | E785: =TEXT(Table1[[#This Row],[order_time]],"HH") -> 15 | F785: 120 | G785: =_xlfn.XLOOKUP(F785,menu_items!$A$1:$A$33,menu_items!$B$1:$B$33,,0,1) -> Steak Torta | H785: =_xlfn.XLOOKUP(F785,menu_items!$A$1:$A$33,menu_items!$C$1:$C$33,,0,1) -> Mexican | I785: =_xlfn.XLOOKUP(F785,menu_items!$A$1:$A$33,menu_items!$D$1:$D$33,,0,1) -> 13.95
A786: 785 | B786: 342 | C786: 45078 | D786: 0.65569444 | E786: =TEXT(Table1[[#This Row],[order_time]],"HH") -> 15 | F786: 105 | G786: =_xlfn.XLOOKUP(F786,menu_items!$A$1:$A$33,menu_items!$B$1:$B$33,,0,1) -> Mac & Cheese | H786: =_xlfn.XLOOKUP(F786,menu_items!$A$1:$A$33,menu_items!$C$1:$C$33,,0,1) -> American | I786: =_xlfn.XLOOKUP(F786,menu_items!$A$1:$A$33,menu_items!$D$1:$D$33,,0,1) -> 7
A787: 786 | B787: 343 | C787: 45078 | D787: 0.65667824 | E787: =TEXT(Table1[[#This Row],[order_time]],"HH") -> 15 | F787: 124 | G787: =_xlfn.XLOOKUP(F787,menu_items!$A$1:$A$33,menu_items!$B$1:$B$33,,0,1) -> Spaghetti | H787: =_xlfn.XLOOKUP(F787,menu_items!$A$1:$A$33,menu_items!$C$1:$C$33,,0,1) -> Italian | I787: =_xlfn.XLOOKUP(F787,menu_items!$A$1:$A$33,menu_items!$D$1:$D$33,,0,1) -> 14.5
A788: 787 | B788: 343 | C788: 45078 | D788: 0.65667824 | E788: =TEXT(Table1[[#This Row],[order_time]],"HH") -> 15 | F788: 125 | G788: =_xlfn.XLOOKUP(F788,menu_items!$A$1:$A$33,menu_items!$B$1:$B$33,,0,1) -> Spaghetti & Meatballs | H788: =_xlfn.XLOOKUP(F788,menu_items!$A$1:$A$33,menu_items!$C$1:$C$33,,0,1) -> Italian | I788: =_xlfn.XLOOKUP(F788,menu_items!$A$1:$A$33,menu_items!$D$1:$D$33,,0,1) -> 17.95
A789: 788 | B789: 344 | C789: 45078 | D789: 0.66748843 | E789: =TEXT(Table1[[#This Row],[order_time]],"HH") -> 16 | F789: 110 | G789: =_xlfn.XLOOKUP(F789,menu_items!$A$1:$A$33,menu_items!$B$1:$B$33,,0,1) -> Pork Ramen | H789: =_xlfn.XLOOKUP(F789,menu_items!$A$1:$A$33,menu_items!$C$1:$C$33,,0,1) -> Asian | I789: =_xlfn.XLOOKUP(F789,menu_items!$A$1:$A$33,menu_items!$D$1:$D$33,,0,1) -> 17.95
A790: 789 | B790: 345 | C790: 45078 | D790: 0.66790509 | E790: =TEXT(Table1[[#This Row],[order_time]],"HH") -> 16 | F790: 118 | G790: =_xlfn.XLOOKUP(F790,menu_items!$A$1:$A$33,menu_items!$B$1:$B$33,,0,1) -> Steak Burrito | H790: =_xlfn.XLOOKUP(F790,menu_items!$A$1:$A$33,menu_items!$C$1:$C$33,,0,1) -> Mexican | I790: =_xlfn.XLOOKUP(F790,menu_items!$A$1:$A$33,menu_items!$D$1:$D$33,,0,1) -> 14.95
A791: 790 | B791: 345 | C791: 45078 | D791: 0.66790509 | E791: =TEXT(Table1[[#This Row],[order_time]],"HH") -> 16 | F791: 131 | G791: =_xlfn.XLOOKUP(F791,menu_items!$A$1:$A$33,menu_items!$B$1:$B$33,,0,1) -> Chicken Parmesan | H791: =_xlfn.XLOOKUP(F791,menu_items!$A$1:$A$33,menu_items!$C$1:$C$33,,0,1) -> Italian | I791: =_xlfn.XLOOKUP(F791,menu_items!$A$1:$A$33,menu_items!$D$1:$D$33,,0,1) -> 17.95
...

Sheet menu_items
A1: item_id | B1: item_name | C1: category | D1: price
A2: 101 | B2: Hamburger | C2: American | D2: 12.95
A3: 102 | B3: Cheeseburger | C3: American | D3: 13.95
A4: 103 | B4: Hot Dog | C4: American | D4: 9
A5: 104 | B5: Veggie Burger | C5: American | D5: 10.5
A6: 105 | B6: Mac & Cheese | C6: American | D6: 7
A7: 106 | B7: French Fries | C7: American | D7: 7
A8: 107 | B8: Orange Chicken | C8: Asian | D8: 16.5
A9: 108 | B9: Tofu Pad Thai | C9: Asian | D9: 14.5
A10: 109 | B10: Korean Beef Bowl | C10: Asian | D10: 17.95
A11: 110 | B11: Pork Ramen | C11: Asian | D11: 17.95
A12: 111 | B12: California Roll | C12: Asian | D12: 11.95
A13: 112 | B13: Salmon Roll | C13: Asian | D13: 14.95
... A33: 132 | B33: Eggplant Parmesan | C33: Italian | D33: 16.95

Sheet answer
A1: Most ordered item and category | F1: Least ordered item and category
A2: item_name | B2: category | C2: Count of item_id | F2: item_name | G2: category | H2: Count of item_id
A3: Hamburger | B3: American | C3: 622 | F3: Chicken Tacos | H3: 123
A4: Edamame | B4: Asian | C4: 620 | F4: #N/A | G4: #N/A | H4: 137
A5: Korean Beef Bowl | B5: Asian | C5: 588 | F5: Potstickers | G5: Asian | H5: 205
A6: Cheeseburger | B6: American | C6: 583 | F6: Cheese Lasagna | G6: Italian | H6: 207
A7: French Fries | B7: American | C7: 571 | F7: Steak Tacos | G7: Mexican | H7: 214
A8: Tofu Pad Thai | B8: Asian | C8: 562 | F8: Cheese Quesadillas | G8: Mexican | H8: 233
A9: Steak Torta | B9: Mexican | C9: 489 | F9: Chips & Guacamole | G9: Mexican | H9: 237
A10: Spaghetti & Meatballs | B10: Italian | C10: 470 | F10: Veggie Burger | G10: American | H10: 238
A11: Mac & Cheese | B11: American | C11: 463 | F11: Shrimp Scampi | G11: Italian | H11: 239
A12: Chips & Salsa | B12: Mexican | C12: 461 | F12: Fettuccine Alfredo | G12: Italian | H12: 249
A15: Highest spend order and what they order
A16: Row Labels | B16: Sum of price
A17: 440 | B17: 192.15
A18: Chicken Parmesan | B18: 17.95
A19: Chips & Salsa | B19: 7
A20: Edamame | B20: 5
A21: Eggplant Parmesan | B21: 16.95
A22: Fettuccine Alfredo | B22: 29
A23: French Fries | B23: 7
A24: Hot Dog | B24: 9
A25: Korean Beef Bowl | B25: 17.95
A26: Meat Lasagna | B26: 17.95
A27: Spaghetti | B27: 14.5
A28: Spaghetti & Meatballs | B28: 35.9
A29: Steak Tacos | B29: 13.95
A30: 2075 | B30: 191.05
A31: 1957 | B31: 190.1
A32: 330 | B32: 189.7
A33: 2675 | B33: 185.1
A34: 1274 | B34: 183.55
A35: 2188 | B35: 182.65
A36: 3473 | B36: 182.55
A37: 3583 | B37: 179.6
A38: 4836 | B38: 177.2
A40: Most and less order by hour
A41: Row Labels | B41: Count of order_id
A42: 12 | B42: 1672
A43: 13 | B43: 1575
A44: 17 | B44: 1370
A45: 18 | B45: 1307
A46: 19 | B46: 1085
A47: 16 | B47: 1054
A48: 14 | B48: 968
A49: 20 | B49: 889
A50: 15 | B50: 751
A51: 11 | B51: 630
A52: 21 | B52: 608
A53: 22 | B53: 309
... A55: 10 | B55: 5
A58: Metric A: Category with most revenue
A59: Row Labels | B59: Sum of price
A60: Italian | B60: 49462.7
A61: Asian | B61: 46720.65
A62: Mexican | B62: 34796.8
A63: American | B63: 28237.75
A66: Metric B: Category with most order
A67: Row Labels | B67: Count of order_id
A68: Asian | B68: 3470
A69: Italian | B69: 2948
A70: Mexican | B70: 2945
A71: American | B71: 2734
A87: Row Labels | B87: Sum of price
A88: Italian | B88: 49462.7
A89: Asian | B89: 46720.65
A90: Mexican | B90: 34796.8
A91: American | B91: 28237.75
